DateTime,Junction,Vehicles,ID
2023-01-01 00:00:00,2,49,0
2023-01-01 01:00:00,3,32,1
2023-01-01 02:00:00,3,47,2
2023-01-01 03:00:00,1,35,3
2023-01-01 04:00:00,2,33,4
2023-01-01 05:00:00,3,23,5
2023-01-01 06:00:00,1,43,6
2023-01-01 07:00:00,3,20,7
2023-01-01 08:00:00,1,103,8
2023-01-01 09:00:00,4,117,9
2023-01-01 10:00:00,1,176,10
2023-01-01 11:00:00,3,156,11
2023-01-01 12:00:00,2,100,12
2023-01-01 13:00:00,1,154,13
2023-01-01 14:00:00,1,107,14
2023-01-01 15:00:00,4,132,15
2023-01-01 16:00:00,1,114,16
2023-01-01 17:00:00,1,187,17
2023-01-01 18:00:00,2,152,18
2023-01-01 19:00:00,2,88,19
2023-01-01 20:00:00,4,89,20
2023-01-01 21:00:00,4,22,21
2023-01-01 22:00:00,2,47,22
2023-01-01 23:00:00,2,23,23
2023-01-02 00:00:00,2,41,24
2023-01-02 01:00:00,4,29,25
2023-01-02 02:00:00,1,26,26
2023-01-02 03:00:00,4,45,27
2023-01-02 04:00:00,1,46,28
2023-01-02 05:00:00,2,42,29
2023-01-02 06:00:00,2,32,30
2023-01-02 07:00:00,3,41,31
2023-01-02 08:00:00,3,103,32
2023-01-02 09:00:00,3,84,33
2023-01-02 10:00:00,4,142,34
2023-01-02 11:00:00,1,117,35
2023-01-02 12:00:00,4,95,36
2023-01-02 13:00:00,1,120,37
2023-01-02 14:00:00,3,164,38
2023-01-02 15:00:00,2,146,39
2023-01-02 16:00:00,3,169,40
2023-01-02 17:00:00,2,168,41
2023-01-02 18:00:00,1,113,42
2023-01-02 19:00:00,2,132,43
2023-01-02 20:00:00,2,87,44
2023-01-02 21:00:00,3,48,45
2023-01-02 22:00:00,4,32,46
2023-01-02 23:00:00,1,32,47
2023-01-03 00:00:00,3,43,48
2023-01-03 01:00:00,3,45,49
2023-01-03 02:00:00,4,39,50
2023-01-03 03:00:00,4,30,51
2023-01-03 04:00:00,1,30,52
2023-01-03 05:00:00,1,30,53
2023-01-03 06:00:00,1,22,54
2023-01-03 07:00:00,1,24,55
2023-01-03 08:00:00,1,129,56
2023-01-03 09:00:00,4,129,57
2023-01-03 10:00:00,1,113,58
2023-01-03 11:00:00,3,114,59
2023-01-03 12:00:00,1,171,60
2023-01-03 13:00:00,4,161,61
2023-01-03 14:00:00,4,119,62
2023-01-03 15:00:00,1,158,63
2023-01-03 16:00:00,2,142,64
2023-01-03 17:00:00,2,137,65
2023-01-03 18:00:00,1,119,66
2023-01-03 19:00:00,4,167,67
2023-01-03 20:00:00,2,143,68
2023-01-03 21:00:00,4,45,69
2023-01-03 22:00:00,2,41,70
2023-01-03 23:00:00,4,32,71
2023-01-04 00:00:00,3,28,72
2023-01-04 01:00:00,2,38,73
2023-01-04 02:00:00,1,35,74
2023-01-04 03:00:00,2,34,75
2023-01-04 04:00:00,1,44,76
2023-01-04 05:00:00,1,28,77
2023-01-04 06:00:00,4,23,78
2023-01-04 07:00:00,3,33,79
2023-01-04 08:00:00,4,125,80
2023-01-04 09:00:00,1,173,81
2023-01-04 10:00:00,3,131,82
2023-01-04 11:00:00,2,111,83
2023-01-04 12:00:00,1,171,84
2023-01-04 13:00:00,4,118,85
2023-01-04 14:00:00,3,175,86
2023-01-04 15:00:00,4,94,87
2023-01-04 16:00:00,1,177,88
2023-01-04 17:00:00,3,107,89
2023-01-04 18:00:00,4,153,90
2023-01-04 19:00:00,1,170,91
2023-01-04 20:00:00,1,153,92
2023-01-04 21:00:00,1,37,93
2023-01-04 22:00:00,4,36,94
2023-01-04 23:00:00,2,29,95
2023-01-05 00:00:00,1,39,96
2023-01-05 01:00:00,4,35,97
2023-01-05 02:00:00,4,20,98
2023-01-05 03:00:00,3,27,99
2023-01-05 04:00:00,1,36,100
2023-01-05 05:00:00,3,22,101
2023-01-05 06:00:00,2,20,102
2023-01-05 07:00:00,2,21,103
2023-01-05 08:00:00,4,94,104
2023-01-05 09:00:00,4,166,105
2023-01-05 10:00:00,1,152,106
2023-01-05 11:00:00,4,76,107
2023-01-05 12:00:00,1,96,108
2023-01-05 13:00:00,2,101,109
2023-01-05 14:00:00,3,78,110
2023-01-05 15:00:00,1,169,111
2023-01-05 16:00:00,4,99,112
2023-01-05 17:00:00,1,157,113
2023-01-05 18:00:00,4,93,114
2023-01-05 19:00:00,3,130,115
2023-01-05 20:00:00,2,96,116
2023-01-05 21:00:00,3,45,117
2023-01-05 22:00:00,2,28,118
2023-01-05 23:00:00,4,46,119
2023-01-06 00:00:00,3,27,120
2023-01-06 01:00:00,4,30,121
2023-01-06 02:00:00,3,41,122
2023-01-06 03:00:00,1,25,123
2023-01-06 04:00:00,4,47,124
2023-01-06 05:00:00,3,37,125
2023-01-06 06:00:00,2,47,126
2023-01-06 07:00:00,2,31,127
2023-01-06 08:00:00,4,183,128
2023-01-06 09:00:00,1,91,129
2023-01-06 10:00:00,2,189,130
2023-01-06 11:00:00,1,156,131
2023-01-06 12:00:00,3,180,132
2023-01-06 13:00:00,2,166,133
2023-01-06 14:00:00,1,153,134
2023-01-06 15:00:00,2,121,135
2023-01-06 16:00:00,2,115,136
2023-01-06 17:00:00,2,99,137
2023-01-06 18:00:00,3,114,138
2023-01-06 19:00:00,1,154,139
2023-01-06 20:00:00,4,137,140
2023-01-06 21:00:00,2,34,141
2023-01-06 22:00:00,3,45,142
2023-01-06 23:00:00,2,34,143
2023-01-07 00:00:00,1,45,144
2023-01-07 01:00:00,4,29,145
2023-01-07 02:00:00,3,47,146
2023-01-07 03:00:00,1,37,147
2023-01-07 04:00:00,2,37,148
2023-01-07 05:00:00,1,23,149
2023-01-07 06:00:00,2,40,150
2023-01-07 07:00:00,1,35,151
2023-01-07 08:00:00,1,91,152
2023-01-07 09:00:00,3,116,153
2023-01-07 10:00:00,1,83,154
2023-01-07 11:00:00,2,103,155
2023-01-07 12:00:00,3,182,156
2023-01-07 13:00:00,2,140,157
2023-01-07 14:00:00,2,123,158
2023-01-07 15:00:00,3,89,159
2023-01-07 16:00:00,1,87,160
2023-01-07 17:00:00,2,97,161
2023-01-07 18:00:00,4,99,162
2023-01-07 19:00:00,1,180,163
2023-01-07 20:00:00,4,140,164
2023-01-07 21:00:00,2,27,165
2023-01-07 22:00:00,4,24,166
2023-01-07 23:00:00,3,22,167
2023-01-08 00:00:00,1,29,168
2023-01-08 01:00:00,1,21,169
2023-01-08 02:00:00,2,42,170
2023-01-08 03:00:00,1,31,171
2023-01-08 04:00:00,2,34,172
2023-01-08 05:00:00,1,26,173
2023-01-08 06:00:00,3,34,174
2023-01-08 07:00:00,3,34,175
2023-01-08 08:00:00,2,101,176
2023-01-08 09:00:00,3,130,177
2023-01-08 10:00:00,2,156,178
2023-01-08 11:00:00,4,109,179
2023-01-08 12:00:00,1,128,180
2023-01-08 13:00:00,1,149,181
2023-01-08 14:00:00,2,140,182
2023-01-08 15:00:00,4,129,183
2023-01-08 16:00:00,1,99,184
2023-01-08 17:00:00,1,91,185
2023-01-08 18:00:00,2,101,186
2023-01-08 19:00:00,3,156,187
2023-01-08 20:00:00,3,194,188
2023-01-08 21:00:00,4,21,189
2023-01-08 22:00:00,2,48,190
2023-01-08 23:00:00,3,25,191
2023-01-09 00:00:00,2,29,192
2023-01-09 01:00:00,3,31,193
2023-01-09 02:00:00,4,39,194
2023-01-09 03:00:00,3,25,195
2023-01-09 04:00:00,4,42,196
2023-01-09 05:00:00,4,24,197
2023-01-09 06:00:00,4,36,198
2023-01-09 07:00:00,1,35,199
2023-01-09 08:00:00,4,114,200
2023-01-09 09:00:00,2,135,201
2023-01-09 10:00:00,3,99,202
2023-01-09 11:00:00,2,143,203
2023-01-09 12:00:00,3,102,204
2023-01-09 13:00:00,1,162,205
2023-01-09 14:00:00,3,101,206
2023-01-09 15:00:00,1,173,207
2023-01-09 16:00:00,4,113,208
2023-01-09 17:00:00,1,106,209
2023-01-09 18:00:00,1,101,210
2023-01-09 19:00:00,4,102,211
2023-01-09 20:00:00,1,121,212
2023-01-09 21:00:00,1,29,213
2023-01-09 22:00:00,2,47,214
2023-01-09 23:00:00,1,33,215
2023-01-10 00:00:00,2,45,216
2023-01-10 01:00:00,3,46,217
2023-01-10 02:00:00,4,43,218
2023-01-10 03:00:00,4,35,219
2023-01-10 04:00:00,4,27,220
2023-01-10 05:00:00,3,35,221
2023-01-10 06:00:00,3,47,222
2023-01-10 07:00:00,1,30,223
2023-01-10 08:00:00,2,173,224
2023-01-10 09:00:00,3,141,225
2023-01-10 10:00:00,1,110,226
2023-01-10 11:00:00,4,114,227
2023-01-10 12:00:00,2,89,228
2023-01-10 13:00:00,4,144,229
2023-01-10 14:00:00,1,148,230
2023-01-10 15:00:00,2,107,231
2023-01-10 16:00:00,4,108,232
2023-01-10 17:00:00,1,146,233
2023-01-10 18:00:00,1,122,234
2023-01-10 19:00:00,1,142,235
2023-01-10 20:00:00,3,145,236
2023-01-10 21:00:00,4,44,237
2023-01-10 22:00:00,3,26,238
2023-01-10 23:00:00,1,30,239
2023-01-11 00:00:00,3,49,240
2023-01-11 01:00:00,2,27,241
2023-01-11 02:00:00,3,44,242
2023-01-11 03:00:00,4,42,243
2023-01-11 04:00:00,4,38,244
2023-01-11 05:00:00,4,39,245
2023-01-11 06:00:00,1,42,246
2023-01-11 07:00:00,4,26,247
2023-01-11 08:00:00,3,118,248
2023-01-11 09:00:00,3,115,249
2023-01-11 10:00:00,3,169,250
2023-01-11 11:00:00,4,130,251
2023-01-11 12:00:00,1,138,252
2023-01-11 13:00:00,4,129,253
2023-01-11 14:00:00,3,101,254
2023-01-11 15:00:00,1,186,255
2023-01-11 16:00:00,1,142,256
2023-01-11 17:00:00,4,107,257
2023-01-11 18:00:00,3,111,258
2023-01-11 19:00:00,3,136,259
2023-01-11 20:00:00,1,128,260
2023-01-11 21:00:00,4,21,261
2023-01-11 22:00:00,2,36,262
2023-01-11 23:00:00,1,47,263
2023-01-12 00:00:00,3,43,264
2023-01-12 01:00:00,2,46,265
2023-01-12 02:00:00,4,48,266
2023-01-12 03:00:00,1,49,267
2023-01-12 04:00:00,2,21,268
2023-01-12 05:00:00,1,21,269
2023-01-12 06:00:00,3,43,270
2023-01-12 07:00:00,3,36,271
2023-01-12 08:00:00,4,100,272
2023-01-12 09:00:00,2,87,273
2023-01-12 10:00:00,2,127,274
2023-01-12 11:00:00,1,112,275
2023-01-12 12:00:00,3,139,276
2023-01-12 13:00:00,3,159,277
2023-01-12 14:00:00,1,156,278
2023-01-12 15:00:00,4,171,279
2023-01-12 16:00:00,1,111,280
2023-01-12 17:00:00,1,80,281
2023-01-12 18:00:00,4,147,282
2023-01-12 19:00:00,1,151,283
2023-01-12 20:00:00,2,114,284
2023-01-12 21:00:00,4,33,285
2023-01-12 22:00:00,2,22,286
2023-01-12 23:00:00,1,34,287
2023-01-13 00:00:00,4,20,288
2023-01-13 01:00:00,2,24,289
2023-01-13 02:00:00,3,41,290
2023-01-13 03:00:00,3,20,291
2023-01-13 04:00:00,4,37,292
2023-01-13 05:00:00,1,37,293
2023-01-13 06:00:00,2,27,294
2023-01-13 07:00:00,4,46,295
2023-01-13 08:00:00,4,117,296
2023-01-13 09:00:00,4,187,297
2023-01-13 10:00:00,4,151,298
2023-01-13 11:00:00,2,127,299
2023-01-13 12:00:00,2,161,300
2023-01-13 13:00:00,1,127,301
2023-01-13 14:00:00,4,191,302
2023-01-13 15:00:00,3,174,303
2023-01-13 16:00:00,2,180,304
2023-01-13 17:00:00,1,114,305
2023-01-13 18:00:00,3,132,306
2023-01-13 19:00:00,4,131,307
2023-01-13 20:00:00,3,164,308
2023-01-13 21:00:00,2,45,309
2023-01-13 22:00:00,4,33,310
2023-01-13 23:00:00,1,25,311
2023-01-14 00:00:00,1,47,312
2023-01-14 01:00:00,4,35,313
2023-01-14 02:00:00,4,38,314
2023-01-14 03:00:00,1,25,315
2023-01-14 04:00:00,3,34,316
2023-01-14 05:00:00,3,21,317
2023-01-14 06:00:00,2,30,318
2023-01-14 07:00:00,1,30,319
2023-01-14 08:00:00,2,135,320
2023-01-14 09:00:00,1,180,321
2023-01-14 10:00:00,3,173,322
2023-01-14 11:00:00,4,131,323
2023-01-14 12:00:00,3,124,324
2023-01-14 13:00:00,2,105,325
2023-01-14 14:00:00,3,133,326
2023-01-14 15:00:00,2,129,327
2023-01-14 16:00:00,4,141,328
2023-01-14 17:00:00,3,96,329
2023-01-14 18:00:00,2,107,330
2023-01-14 19:00:00,3,92,331
2023-01-14 20:00:00,1,103,332
2023-01-14 21:00:00,3,44,333
2023-01-14 22:00:00,3,42,334
2023-01-14 23:00:00,3,43,335
2023-01-15 00:00:00,2,34,336
2023-01-15 01:00:00,3,21,337
2023-01-15 02:00:00,1,28,338
2023-01-15 03:00:00,3,35,339
2023-01-15 04:00:00,1,41,340
2023-01-15 05:00:00,3,46,341
2023-01-15 06:00:00,2,43,342
2023-01-15 07:00:00,3,21,343
2023-01-15 08:00:00,4,175,344
2023-01-15 09:00:00,4,128,345
2023-01-15 10:00:00,2,141,346
2023-01-15 11:00:00,1,136,347
2023-01-15 12:00:00,2,73,348
2023-01-15 13:00:00,2,132,349
2023-01-15 14:00:00,3,134,350
2023-01-15 15:00:00,2,104,351
2023-01-15 16:00:00,1,167,352
2023-01-15 17:00:00,4,139,353
2023-01-15 18:00:00,2,103,354
2023-01-15 19:00:00,2,97,355
2023-01-15 20:00:00,1,166,356
2023-01-15 21:00:00,1,38,357
2023-01-15 22:00:00,4,28,358
2023-01-15 23:00:00,4,47,359
2023-01-16 00:00:00,2,46,360
2023-01-16 01:00:00,4,45,361
2023-01-16 02:00:00,3,31,362
2023-01-16 03:00:00,2,30,363
2023-01-16 04:00:00,4,30,364
2023-01-16 05:00:00,4,26,365
2023-01-16 06:00:00,4,23,366
2023-01-16 07:00:00,3,39,367
2023-01-16 08:00:00,4,132,368
2023-01-16 09:00:00,1,149,369
2023-01-16 10:00:00,4,110,370
2023-01-16 11:00:00,4,115,371
2023-01-16 12:00:00,1,129,372
2023-01-16 13:00:00,1,115,373
2023-01-16 14:00:00,4,108,374
2023-01-16 15:00:00,2,134,375
2023-01-16 16:00:00,2,101,376
2023-01-16 17:00:00,3,131,377
2023-01-16 18:00:00,2,90,378
2023-01-16 19:00:00,2,90,379
2023-01-16 20:00:00,4,123,380
2023-01-16 21:00:00,1,21,381
2023-01-16 22:00:00,3,48,382
2023-01-16 23:00:00,2,49,383
2023-01-17 00:00:00,2,47,384
2023-01-17 01:00:00,4,21,385
2023-01-17 02:00:00,2,31,386
2023-01-17 03:00:00,2,35,387
2023-01-17 04:00:00,2,36,388
2023-01-17 05:00:00,3,21,389
2023-01-17 06:00:00,3,45,390
2023-01-17 07:00:00,4,29,391
2023-01-17 08:00:00,2,180,392
2023-01-17 09:00:00,3,133,393
2023-01-17 10:00:00,2,147,394
2023-01-17 11:00:00,2,82,395
2023-01-17 12:00:00,4,82,396
2023-01-17 13:00:00,3,135,397
2023-01-17 14:00:00,2,116,398
2023-01-17 15:00:00,1,135,399
2023-01-17 16:00:00,4,103,400
2023-01-17 17:00:00,4,108,401
2023-01-17 18:00:00,1,102,402
2023-01-17 19:00:00,3,112,403
2023-01-17 20:00:00,1,155,404
2023-01-17 21:00:00,1,42,405
2023-01-17 22:00:00,4,20,406
2023-01-17 23:00:00,3,21,407
2023-01-18 00:00:00,3,31,408
2023-01-18 01:00:00,2,43,409
2023-01-18 02:00:00,4,43,410
2023-01-18 03:00:00,3,48,411
2023-01-18 04:00:00,1,39,412
2023-01-18 05:00:00,2,42,413
2023-01-18 06:00:00,4,27,414
2023-01-18 07:00:00,3,31,415
2023-01-18 08:00:00,3,125,416
2023-01-18 09:00:00,1,132,417
2023-01-18 10:00:00,1,134,418
2023-01-18 11:00:00,3,149,419
2023-01-18 12:00:00,1,121,420
2023-01-18 13:00:00,2,118,421
2023-01-18 14:00:00,1,143,422
2023-01-18 15:00:00,4,95,423
2023-01-18 16:00:00,3,168,424
2023-01-18 17:00:00,3,160,425
2023-01-18 18:00:00,1,176,426
2023-01-18 19:00:00,4,177,427
2023-01-18 20:00:00,2,148,428
2023-01-18 21:00:00,3,35,429
2023-01-18 22:00:00,4,45,430
2023-01-18 23:00:00,3,27,431
2023-01-19 00:00:00,3,36,432
2023-01-19 01:00:00,2,27,433
2023-01-19 02:00:00,4,45,434
2023-01-19 03:00:00,4,30,435
2023-01-19 04:00:00,2,30,436
2023-01-19 05:00:00,1,22,437
2023-01-19 06:00:00,4,47,438
2023-01-19 07:00:00,3,43,439
2023-01-19 08:00:00,4,175,440
2023-01-19 09:00:00,3,154,441
2023-01-19 10:00:00,3,115,442
2023-01-19 11:00:00,3,126,443
2023-01-19 12:00:00,3,124,444
2023-01-19 13:00:00,1,81,445
2023-01-19 14:00:00,4,91,446
2023-01-19 15:00:00,1,78,447
2023-01-19 16:00:00,4,173,448
2023-01-19 17:00:00,1,152,449
2023-01-19 18:00:00,2,127,450
2023-01-19 19:00:00,4,83,451
2023-01-19 20:00:00,2,132,452
2023-01-19 21:00:00,2,40,453
2023-01-19 22:00:00,3,27,454
2023-01-19 23:00:00,4,43,455
2023-01-20 00:00:00,4,39,456
2023-01-20 01:00:00,3,43,457
2023-01-20 02:00:00,2,40,458
2023-01-20 03:00:00,2,46,459
2023-01-20 04:00:00,1,21,460
2023-01-20 05:00:00,1,21,461
2023-01-20 06:00:00,2,41,462
2023-01-20 07:00:00,4,29,463
2023-01-20 08:00:00,2,167,464
2023-01-20 09:00:00,4,127,465
2023-01-20 10:00:00,2,127,466
2023-01-20 11:00:00,2,154,467
2023-01-20 12:00:00,3,97,468
2023-01-20 13:00:00,1,100,469
2023-01-20 14:00:00,1,98,470
2023-01-20 15:00:00,1,191,471
2023-01-20 16:00:00,2,112,472
2023-01-20 17:00:00,3,86,473
2023-01-20 18:00:00,4,117,474
2023-01-20 19:00:00,1,121,475
2023-01-20 20:00:00,1,141,476
2023-01-20 21:00:00,2,29,477
2023-01-20 22:00:00,1,26,478
2023-01-20 23:00:00,2,49,479
2023-01-21 00:00:00,1,23,480
2023-01-21 01:00:00,1,32,481
2023-01-21 02:00:00,1,32,482
2023-01-21 03:00:00,1,46,483
2023-01-21 04:00:00,1,22,484
2023-01-21 05:00:00,1,25,485
2023-01-21 06:00:00,1,49,486
2023-01-21 07:00:00,3,44,487
2023-01-21 08:00:00,3,179,488
2023-01-21 09:00:00,2,109,489
2023-01-21 10:00:00,4,164,490
2023-01-21 11:00:00,4,101,491
2023-01-21 12:00:00,2,94,492
2023-01-21 13:00:00,1,150,493
2023-01-21 14:00:00,4,113,494
2023-01-21 15:00:00,4,120,495
2023-01-21 16:00:00,4,100,496
2023-01-21 17:00:00,4,147,497
2023-01-21 18:00:00,1,89,498
2023-01-21 19:00:00,3,105,499
2023-01-21 20:00:00,2,194,500
2023-01-21 21:00:00,4,42,501
2023-01-21 22:00:00,1,32,502
2023-01-21 23:00:00,3,46,503
2023-01-22 00:00:00,4,39,504
2023-01-22 01:00:00,4,46,505
2023-01-22 02:00:00,2,34,506
2023-01-22 03:00:00,2,47,507
2023-01-22 04:00:00,2,26,508
2023-01-22 05:00:00,2,40,509
2023-01-22 06:00:00,1,46,510
2023-01-22 07:00:00,3,25,511
2023-01-22 08:00:00,4,117,512
2023-01-22 09:00:00,1,125,513
2023-01-22 10:00:00,1,173,514
2023-01-22 11:00:00,2,108,515
2023-01-22 12:00:00,4,168,516
2023-01-22 13:00:00,1,143,517
2023-01-22 14:00:00,1,72,518
2023-01-22 15:00:00,3,121,519
2023-01-22 16:00:00,3,104,520
2023-01-22 17:00:00,4,113,521
2023-01-22 18:00:00,1,118,522
2023-01-22 19:00:00,4,101,523
2023-01-22 20:00:00,1,174,524
2023-01-22 21:00:00,2,24,525
2023-01-22 22:00:00,4,34,526
2023-01-22 23:00:00,1,48,527
2023-01-23 00:00:00,4,37,528
2023-01-23 01:00:00,2,41,529
2023-01-23 02:00:00,1,20,530
2023-01-23 03:00:00,2,44,531
2023-01-23 04:00:00,1,39,532
2023-01-23 05:00:00,3,38,533
2023-01-23 06:00:00,3,30,534
2023-01-23 07:00:00,3,34,535
2023-01-23 08:00:00,4,75,536
2023-01-23 09:00:00,2,103,537
2023-01-23 10:00:00,4,123,538
2023-01-23 11:00:00,3,138,539
2023-01-23 12:00:00,3,145,540
2023-01-23 13:00:00,4,126,541
2023-01-23 14:00:00,4,173,542
2023-01-23 15:00:00,1,133,543
2023-01-23 16:00:00,3,160,544
2023-01-23 17:00:00,3,134,545
2023-01-23 18:00:00,4,111,546
2023-01-23 19:00:00,3,122,547
2023-01-23 20:00:00,3,147,548
2023-01-23 21:00:00,2,38,549
2023-01-23 22:00:00,2,30,550
2023-01-23 23:00:00,1,47,551
2023-01-24 00:00:00,3,36,552
2023-01-24 01:00:00,4,34,553
2023-01-24 02:00:00,1,44,554
2023-01-24 03:00:00,3,31,555
2023-01-24 04:00:00,3,28,556
2023-01-24 05:00:00,3,31,557
2023-01-24 06:00:00,1,45,558
2023-01-24 07:00:00,3,25,559
2023-01-24 08:00:00,3,122,560
2023-01-24 09:00:00,2,103,561
2023-01-24 10:00:00,2,171,562
2023-01-24 11:00:00,2,116,563
2023-01-24 12:00:00,2,127,564
2023-01-24 13:00:00,2,99,565
2023-01-24 14:00:00,1,110,566
2023-01-24 15:00:00,1,121,567
2023-01-24 16:00:00,1,160,568
2023-01-24 17:00:00,4,171,569
2023-01-24 18:00:00,1,173,570
2023-01-24 19:00:00,2,177,571
2023-01-24 20:00:00,4,186,572
2023-01-24 21:00:00,2,34,573
2023-01-24 22:00:00,4,25,574
2023-01-24 23:00:00,2,43,575
2023-01-25 00:00:00,3,39,576
2023-01-25 01:00:00,1,25,577
2023-01-25 02:00:00,1,26,578
2023-01-25 03:00:00,2,30,579
2023-01-25 04:00:00,4,21,580
2023-01-25 05:00:00,4,38,581
2023-01-25 06:00:00,4,25,582
2023-01-25 07:00:00,4,28,583
2023-01-25 08:00:00,3,136,584
2023-01-25 09:00:00,2,93,585
2023-01-25 10:00:00,1,166,586
2023-01-25 11:00:00,3,100,587
2023-01-25 12:00:00,1,149,588
2023-01-25 13:00:00,2,120,589
2023-01-25 14:00:00,3,90,590
2023-01-25 15:00:00,3,133,591
2023-01-25 16:00:00,1,96,592
2023-01-25 17:00:00,1,126,593
2023-01-25 18:00:00,3,167,594
2023-01-25 19:00:00,2,156,595
2023-01-25 20:00:00,2,131,596
2023-01-25 21:00:00,4,28,597
2023-01-25 22:00:00,1,21,598
2023-01-25 23:00:00,4,45,599
2023-01-26 00:00:00,1,21,600
2023-01-26 01:00:00,3,25,601
2023-01-26 02:00:00,4,46,602
2023-01-26 03:00:00,4,47,603
2023-01-26 04:00:00,2,23,604
2023-01-26 05:00:00,4,32,605
2023-01-26 06:00:00,4,37,606
2023-01-26 07:00:00,2,28,607
2023-01-26 08:00:00,3,74,608
2023-01-26 09:00:00,4,98,609
2023-01-26 10:00:00,3,134,610
2023-01-26 11:00:00,3,147,611
2023-01-26 12:00:00,2,102,612
2023-01-26 13:00:00,2,122,613
2023-01-26 14:00:00,4,115,614
2023-01-26 15:00:00,2,136,615
2023-01-26 16:00:00,3,143,616
2023-01-26 17:00:00,3,87,617
2023-01-26 18:00:00,2,100,618
2023-01-26 19:00:00,1,186,619
2023-01-26 20:00:00,1,120,620
2023-01-26 21:00:00,3,45,621
2023-01-26 22:00:00,3,28,622
2023-01-26 23:00:00,1,35,623
2023-01-27 00:00:00,2,34,624
2023-01-27 01:00:00,2,39,625
2023-01-27 02:00:00,2,31,626
2023-01-27 03:00:00,2,38,627
2023-01-27 04:00:00,3,24,628
2023-01-27 05:00:00,2,40,629
2023-01-27 06:00:00,3,23,630
2023-01-27 07:00:00,1,35,631
2023-01-27 08:00:00,4,173,632
2023-01-27 09:00:00,4,84,633
2023-01-27 10:00:00,3,170,634
2023-01-27 11:00:00,4,99,635
2023-01-27 12:00:00,2,152,636
2023-01-27 13:00:00,1,123,637
2023-01-27 14:00:00,1,142,638
2023-01-27 15:00:00,3,83,639
2023-01-27 16:00:00,3,116,640
2023-01-27 17:00:00,1,139,641
2023-01-27 18:00:00,2,133,642
2023-01-27 19:00:00,2,174,643
2023-01-27 20:00:00,3,128,644
2023-01-27 21:00:00,2,45,645
2023-01-27 22:00:00,4,37,646
2023-01-27 23:00:00,3,35,647
2023-01-28 00:00:00,4,41,648
2023-01-28 01:00:00,3,49,649
2023-01-28 02:00:00,3,35,650
2023-01-28 03:00:00,1,41,651
2023-01-28 04:00:00,2,46,652
2023-01-28 05:00:00,2,36,653
2023-01-28 06:00:00,3,32,654
2023-01-28 07:00:00,3,44,655
2023-01-28 08:00:00,2,177,656
2023-01-28 09:00:00,4,145,657
2023-01-28 10:00:00,1,142,658
2023-01-28 11:00:00,4,115,659
2023-01-28 12:00:00,3,163,660
2023-01-28 13:00:00,1,127,661
2023-01-28 14:00:00,4,143,662
2023-01-28 15:00:00,2,117,663
2023-01-28 16:00:00,1,193,664
2023-01-28 17:00:00,1,91,665
2023-01-28 18:00:00,4,99,666
2023-01-28 19:00:00,2,109,667
2023-01-28 20:00:00,4,85,668
2023-01-28 21:00:00,4,36,669
2023-01-28 22:00:00,2,20,670
2023-01-28 23:00:00,3,23,671
2023-01-29 00:00:00,3,48,672
2023-01-29 01:00:00,4,38,673
2023-01-29 02:00:00,1,32,674
2023-01-29 03:00:00,4,21,675
2023-01-29 04:00:00,4,45,676
2023-01-29 05:00:00,3,42,677
2023-01-29 06:00:00,3,47,678
2023-01-29 07:00:00,3,21,679
2023-01-29 08:00:00,3,175,680
2023-01-29 09:00:00,1,99,681
2023-01-29 10:00:00,1,168,682
2023-01-29 11:00:00,4,92,683
2023-01-29 12:00:00,3,99,684
2023-01-29 13:00:00,4,127,685
2023-01-29 14:00:00,3,195,686
2023-01-29 15:00:00,4,167,687
2023-01-29 16:00:00,1,182,688
2023-01-29 17:00:00,3,170,689
2023-01-29 18:00:00,1,149,690
2023-01-29 19:00:00,4,124,691
2023-01-29 20:00:00,2,142,692
2023-01-29 21:00:00,4,25,693
2023-01-29 22:00:00,4,31,694
2023-01-29 23:00:00,1,47,695
2023-01-30 00:00:00,3,38,696
2023-01-30 01:00:00,3,21,697
2023-01-30 02:00:00,3,45,698
2023-01-30 03:00:00,3,48,699
2023-01-30 04:00:00,4,23,700
2023-01-30 05:00:00,4,34,701
2023-01-30 06:00:00,3,34,702
2023-01-30 07:00:00,3,45,703
2023-01-30 08:00:00,4,107,704
2023-01-30 09:00:00,1,111,705
2023-01-30 10:00:00,4,172,706
2023-01-30 11:00:00,4,101,707
2023-01-30 12:00:00,3,99,708
2023-01-30 13:00:00,4,121,709
2023-01-30 14:00:00,1,161,710
2023-01-30 15:00:00,2,108,711
2023-01-30 16:00:00,3,176,712
2023-01-30 17:00:00,2,81,713
2023-01-30 18:00:00,3,101,714
2023-01-30 19:00:00,4,120,715
2023-01-30 20:00:00,4,106,716
2023-01-30 21:00:00,2,27,717
2023-01-30 22:00:00,4,24,718
2023-01-30 23:00:00,1,49,719
2023-01-31 00:00:00,3,20,720
2023-01-31 01:00:00,4,28,721
2023-01-31 02:00:00,3,28,722
2023-01-31 03:00:00,1,24,723
2023-01-31 04:00:00,2,28,724
2023-01-31 05:00:00,1,44,725
2023-01-31 06:00:00,3,32,726
2023-01-31 07:00:00,2,43,727
2023-01-31 08:00:00,3,107,728
2023-01-31 09:00:00,3,172,729
2023-01-31 10:00:00,3,165,730
2023-01-31 11:00:00,3,112,731
2023-01-31 12:00:00,2,130,732
2023-01-31 13:00:00,4,98,733
2023-01-31 14:00:00,4,117,734
2023-01-31 15:00:00,4,92,735
2023-01-31 16:00:00,1,95,736
2023-01-31 17:00:00,1,87,737
2023-01-31 18:00:00,2,101,738
2023-01-31 19:00:00,1,79,739
2023-01-31 20:00:00,2,119,740
2023-01-31 21:00:00,3,30,741
2023-01-31 22:00:00,4,27,742
2023-01-31 23:00:00,1,45,743
2023-02-01 00:00:00,3,38,744
2023-02-01 01:00:00,1,42,745
2023-02-01 02:00:00,4,29,746
2023-02-01 03:00:00,2,44,747
2023-02-01 04:00:00,1,47,748
2023-02-01 05:00:00,4,37,749
2023-02-01 06:00:00,3,46,750
2023-02-01 07:00:00,1,38,751
2023-02-01 08:00:00,4,154,752
2023-02-01 09:00:00,1,171,753
2023-02-01 10:00:00,1,140,754
2023-02-01 11:00:00,2,186,755
2023-02-01 12:00:00,2,179,756
2023-02-01 13:00:00,4,190,757
2023-02-01 14:00:00,2,100,758
2023-02-01 15:00:00,1,95,759
2023-02-01 16:00:00,3,150,760
2023-02-01 17:00:00,4,153,761
2023-02-01 18:00:00,2,97,762
2023-02-01 19:00:00,4,177,763
2023-02-01 20:00:00,2,135,764
2023-02-01 21:00:00,3,47,765
2023-02-01 22:00:00,3,48,766
2023-02-01 23:00:00,4,44,767
2023-02-02 00:00:00,3,29,768
2023-02-02 01:00:00,3,36,769
2023-02-02 02:00:00,3,38,770
2023-02-02 03:00:00,1,26,771
2023-02-02 04:00:00,3,38,772
2023-02-02 05:00:00,3,46,773
2023-02-02 06:00:00,1,49,774
2023-02-02 07:00:00,1,22,775
2023-02-02 08:00:00,3,83,776
2023-02-02 09:00:00,1,104,777
2023-02-02 10:00:00,4,174,778
2023-02-02 11:00:00,4,110,779
2023-02-02 12:00:00,3,138,780
2023-02-02 13:00:00,1,74,781
2023-02-02 14:00:00,1,106,782
2023-02-02 15:00:00,3,183,783
2023-02-02 16:00:00,4,140,784
2023-02-02 17:00:00,2,134,785
2023-02-02 18:00:00,1,177,786
2023-02-02 19:00:00,3,103,787
2023-02-02 20:00:00,1,104,788
2023-02-02 21:00:00,2,34,789
2023-02-02 22:00:00,1,27,790
2023-02-02 23:00:00,3,38,791
2023-02-03 00:00:00,2,48,792
2023-02-03 01:00:00,2,26,793
2023-02-03 02:00:00,2,21,794
2023-02-03 03:00:00,3,43,795
2023-02-03 04:00:00,3,49,796
2023-02-03 05:00:00,4,46,797
2023-02-03 06:00:00,4,38,798
2023-02-03 07:00:00,2,48,799
2023-02-03 08:00:00,3,86,800
2023-02-03 09:00:00,2,90,801
2023-02-03 10:00:00,4,73,802
2023-02-03 11:00:00,1,145,803
2023-02-03 12:00:00,1,153,804
2023-02-03 13:00:00,2,134,805
2023-02-03 14:00:00,3,177,806
2023-02-03 15:00:00,1,177,807
2023-02-03 16:00:00,1,145,808
2023-02-03 17:00:00,1,138,809
2023-02-03 18:00:00,2,140,810
2023-02-03 19:00:00,3,100,811
2023-02-03 20:00:00,1,154,812
2023-02-03 21:00:00,1,46,813
2023-02-03 22:00:00,1,40,814
2023-02-03 23:00:00,1,23,815
2023-02-04 00:00:00,1,24,816
2023-02-04 01:00:00,1,38,817
2023-02-04 02:00:00,3,25,818
2023-02-04 03:00:00,4,48,819
2023-02-04 04:00:00,4,22,820
2023-02-04 05:00:00,2,35,821
2023-02-04 06:00:00,3,46,822
2023-02-04 07:00:00,1,42,823
2023-02-04 08:00:00,3,158,824
2023-02-04 09:00:00,3,106,825
2023-02-04 10:00:00,4,152,826
2023-02-04 11:00:00,1,121,827
2023-02-04 12:00:00,2,196,828
2023-02-04 13:00:00,1,103,829
2023-02-04 14:00:00,4,109,830
2023-02-04 15:00:00,3,148,831
2023-02-04 16:00:00,3,136,832
2023-02-04 17:00:00,1,164,833
2023-02-04 18:00:00,4,142,834
2023-02-04 19:00:00,1,92,835
2023-02-04 20:00:00,1,87,836
2023-02-04 21:00:00,3,31,837
2023-02-04 22:00:00,4,22,838
2023-02-04 23:00:00,3,20,839
2023-02-05 00:00:00,1,42,840
2023-02-05 01:00:00,2,48,841
2023-02-05 02:00:00,2,36,842
2023-02-05 03:00:00,3,25,843
2023-02-05 04:00:00,4,44,844
2023-02-05 05:00:00,2,38,845
2023-02-05 06:00:00,2,42,846
2023-02-05 07:00:00,3,49,847
2023-02-05 08:00:00,1,167,848
2023-02-05 09:00:00,4,75,849
2023-02-05 10:00:00,1,153,850
2023-02-05 11:00:00,1,128,851
2023-02-05 12:00:00,2,177,852
2023-02-05 13:00:00,4,93,853
2023-02-05 14:00:00,3,160,854
2023-02-05 15:00:00,4,144,855
2023-02-05 16:00:00,3,148,856
2023-02-05 17:00:00,3,85,857
2023-02-05 18:00:00,4,114,858
2023-02-05 19:00:00,1,151,859
2023-02-05 20:00:00,2,161,860
2023-02-05 21:00:00,1,25,861
2023-02-05 22:00:00,1,41,862
2023-02-05 23:00:00,1,32,863
2023-02-06 00:00:00,4,36,864
2023-02-06 01:00:00,2,28,865
2023-02-06 02:00:00,3,42,866
2023-02-06 03:00:00,3,45,867
2023-02-06 04:00:00,3,49,868
2023-02-06 05:00:00,2,31,869
2023-02-06 06:00:00,1,48,870
2023-02-06 07:00:00,3,31,871
2023-02-06 08:00:00,1,118,872
2023-02-06 09:00:00,2,196,873
2023-02-06 10:00:00,4,149,874
2023-02-06 11:00:00,2,152,875
2023-02-06 12:00:00,1,175,876
2023-02-06 13:00:00,3,171,877
2023-02-06 14:00:00,4,152,878
2023-02-06 15:00:00,4,99,879
2023-02-06 16:00:00,2,103,880
2023-02-06 17:00:00,4,145,881
2023-02-06 18:00:00,3,127,882
2023-02-06 19:00:00,3,140,883
2023-02-06 20:00:00,4,138,884
2023-02-06 21:00:00,4,31,885
2023-02-06 22:00:00,1,32,886
2023-02-06 23:00:00,2,35,887
2023-02-07 00:00:00,1,31,888
2023-02-07 01:00:00,2,46,889
2023-02-07 02:00:00,2,42,890
2023-02-07 03:00:00,2,29,891
2023-02-07 04:00:00,3,47,892
2023-02-07 05:00:00,4,21,893
2023-02-07 06:00:00,2,30,894
2023-02-07 07:00:00,1,47,895
2023-02-07 08:00:00,4,140,896
2023-02-07 09:00:00,3,174,897
2023-02-07 10:00:00,4,116,898
2023-02-07 11:00:00,1,79,899
2023-02-07 12:00:00,4,85,900
2023-02-07 13:00:00,4,149,901
2023-02-07 14:00:00,4,98,902
2023-02-07 15:00:00,3,190,903
2023-02-07 16:00:00,2,140,904
2023-02-07 17:00:00,2,155,905
2023-02-07 18:00:00,3,83,906
2023-02-07 19:00:00,2,183,907
2023-02-07 20:00:00,1,152,908
2023-02-07 21:00:00,1,40,909
2023-02-07 22:00:00,4,26,910
2023-02-07 23:00:00,1,21,911
2023-02-08 00:00:00,4,47,912
2023-02-08 01:00:00,1,43,913
2023-02-08 02:00:00,1,41,914
2023-02-08 03:00:00,2,41,915
2023-02-08 04:00:00,2,24,916
2023-02-08 05:00:00,4,24,917
2023-02-08 06:00:00,3,27,918
2023-02-08 07:00:00,3,23,919
2023-02-08 08:00:00,1,117,920
2023-02-08 09:00:00,4,167,921
2023-02-08 10:00:00,4,177,922
2023-02-08 11:00:00,2,141,923
2023-02-08 12:00:00,2,96,924
2023-02-08 13:00:00,2,165,925
2023-02-08 14:00:00,4,131,926
2023-02-08 15:00:00,2,187,927
2023-02-08 16:00:00,2,171,928
2023-02-08 17:00:00,3,124,929
2023-02-08 18:00:00,2,141,930
2023-02-08 19:00:00,1,148,931
2023-02-08 20:00:00,1,187,932
2023-02-08 21:00:00,4,43,933
2023-02-08 22:00:00,4,44,934
2023-02-08 23:00:00,1,25,935
2023-02-09 00:00:00,2,33,936
2023-02-09 01:00:00,2,44,937
2023-02-09 02:00:00,1,46,938
2023-02-09 03:00:00,1,20,939
2023-02-09 04:00:00,2,40,940
2023-02-09 05:00:00,3,45,941
2023-02-09 06:00:00,1,40,942
2023-02-09 07:00:00,4,39,943
2023-02-09 08:00:00,2,94,944
2023-02-09 09:00:00,2,128,945
2023-02-09 10:00:00,3,108,946
2023-02-09 11:00:00,2,163,947
2023-02-09 12:00:00,2,113,948
2023-02-09 13:00:00,3,94,949
2023-02-09 14:00:00,1,138,950
2023-02-09 15:00:00,3,118,951
2023-02-09 16:00:00,1,114,952
2023-02-09 17:00:00,3,129,953
2023-02-09 18:00:00,2,113,954
2023-02-09 19:00:00,1,100,955
2023-02-09 20:00:00,1,141,956
2023-02-09 21:00:00,3,27,957
2023-02-09 22:00:00,3,27,958
2023-02-09 23:00:00,2,31,959
2023-02-10 00:00:00,2,33,960
2023-02-10 01:00:00,1,21,961
2023-02-10 02:00:00,1,34,962
2023-02-10 03:00:00,4,22,963
2023-02-10 04:00:00,1,29,964
2023-02-10 05:00:00,4,23,965
2023-02-10 06:00:00,1,21,966
2023-02-10 07:00:00,1,32,967
2023-02-10 08:00:00,3,171,968
2023-02-10 09:00:00,3,146,969
2023-02-10 10:00:00,2,174,970
2023-02-10 11:00:00,3,175,971
2023-02-10 12:00:00,4,84,972
2023-02-10 13:00:00,4,100,973
2023-02-10 14:00:00,2,112,974
2023-02-10 15:00:00,2,118,975
2023-02-10 16:00:00,2,130,976
2023-02-10 17:00:00,4,92,977
2023-02-10 18:00:00,4,169,978
2023-02-10 19:00:00,4,115,979
2023-02-10 20:00:00,4,100,980
2023-02-10 21:00:00,2,39,981
2023-02-10 22:00:00,4,27,982
2023-02-10 23:00:00,2,21,983
2023-02-11 00:00:00,2,45,984
2023-02-11 01:00:00,1,38,985
2023-02-11 02:00:00,2,34,986
2023-02-11 03:00:00,4,27,987
2023-02-11 04:00:00,3,25,988
2023-02-11 05:00:00,3,26,989
2023-02-11 06:00:00,2,30,990
2023-02-11 07:00:00,1,32,991
2023-02-11 08:00:00,3,177,992
2023-02-11 09:00:00,3,122,993
2023-02-11 10:00:00,1,132,994
2023-02-11 11:00:00,3,104,995
2023-02-11 12:00:00,4,166,996
2023-02-11 13:00:00,1,153,997
2023-02-11 14:00:00,1,100,998
2023-02-11 15:00:00,3,126,999
